participant,block,angle_distance,same_1_diff_2,response,accuracy,response_time
1,exp,180,2,2,1,4869
1,exp,150,2,2,1,3925
1,exp,0,2,2,1,1336
1,exp,30,1,1,0,1842
1,exp,30,1,1,1,1631
1,exp,0,2,2,1,1284
1,exp,90,2,2,1,2607
1,exp,150,1,1,1,3741
1,exp,150,2,2,1,3766
1,exp,0,1,1,1,1334
1,exp,30,2,2,1,1606
1,exp,120,2,2,1,3250
1,exp,30,2,2,0,1768
1,exp,150,1,1,1,3847
1,exp,90,1,1,1,2573
1,exp,60,2,2,1,2167
1,exp,120,1,1,1,3243
1,exp,60,2,2,1,2392
1,exp,0,1,1,1,1206
1,exp,90,1,1,1,2376
1,exp,30,1,1,1,1868
1,exp,90,1,1,1,2387
1,exp,30,1,1,1,1556
1,exp,60,2,2,1,2017
1,exp,60,2,2,1,2128
1,exp,30,1,1,1,1811
1,exp,0,1,1,1,1153
1,exp,90,1,1,1,2450
1,exp,120,2,2,1,3217
1,exp,90,1,1,1,2549
1,exp,150,1,1,0,3942
1,exp,60,2,2,0,2290
1,exp,90,2,2,0,2582
1,exp,120,2,2,1,3018
1,exp,90,2,2,1,2424
1,exp,90,1,1,1,2504
1,exp,120,1,1,1,3270
1,exp,60,1,1,1,2150
1,exp,60,2,2,1,2142
1,exp,120,1,1,1,3337
1,exp,60,1,1,1,2420
1,exp,150,2,2,1,3650
1,exp,90,2,2,1,2451
1,exp,180,1,1,1,4518
1,exp,120,1,1,1,3207
1,exp,0,1,1,1,1111
1,exp,120,1,1,1,3349
1,exp,180,1,1,1,4831
1,exp,30,2,2,1,1924
1,exp,60,1,1,1,2064
1,exp,30,2,2,1,1538
1,exp,90,2,2,1,2481
1,exp,60,2,2,1,2148
1,exp,90,1,1,1,2550
1,exp,0,2,2,1,1082
1,exp,150,1,1,1,3648
1,exp,30,1,1,1,1869
1,exp,0,1,1,1,1166
1,exp,120,2,2,1,3305
1,exp,30,1,1,1,1916
1,exp,30,2,2,0,1942
1,exp,90,1,1,1,2470
1,exp,0,2,2,1,1086
1,exp,60,1,1,1,2341
1,exp,90,2,2,1,2480
1,exp,30,2,2,1,1525
1,exp,60,2,2,1,2226
1,exp,30,2,2,1,1676
1,exp,60,1,1,0,2136
1,exp,60,2,2,1,2411
1,exp,0,1,1,1,1243
1,exp,0,2,2,1,1162
1,exp,0,2,2,1,1267
1,exp,30,1,1,1,1787
1,exp,120,2,2,1,3227
1,exp,60,1,1,1,2116
1,exp,90,2,2,1,2529
1,exp,60,2,2,1,2072
1,exp,0,1,1,1,1122
1,exp,90,2,2,1,2550
1,exp,120,2,2,1,3351
1,exp,120,1,1,1,3259
1,exp,30,2,2,0,1787
1,exp,60,1,1,1,2160
1,exp,30,2,2,1,1766
1,exp,60,1,1,1,2184
1,exp,0,2,2,1,1134
1,exp,30,2,2,1,1920
1,exp,30,1,1,1,1906
1,exp,30,2,2,1,1643
1,exp,60,1,1,1,2404
1,exp,150,2,2,1,3654
1,exp,180,2,2,1,4725
1,exp,30,2,2,1,1792
1,exp,60,1,1,1,2218
1,exp,30,1,1,1,1618
1,exp,30,1,1,1,1657
1,exp,30,1,1,1,1941
2,exp,60,1,1,1,2121
2,exp,60,2,2,1,2099
2,exp,30,1,1,0,1725
2,exp,0,1,1,1,1235
2,exp,90,2,2,1,2409
2,exp,90,2,2,1,2586
2,exp,180,1,1,1,4744
2,exp,30,1,1,1,1660
2,exp,90,2,2,1,2448
2,exp,60,2,2,1,2212
2,exp,0,1,1,0,1180
2,exp,180,2,2,1,4681
2,exp,60,2,2,0,2248
2,exp,90,2,2,1,2553
2,exp,30,1,1,1,1607
2,exp,120,2,2,1,3410
2,exp,60,2,2,1,2265
2,exp,30,2,2,0,1611
2,exp,150,1,1,1,3670
2,exp,30,2,2,1,1835
2,exp,90,2,2,1,2537
2,exp,30,2,2,1,1887
2,exp,60,2,2,1,2264
2,exp,0,1,1,1,1150
2,exp,0,2,2,1,1050
2,exp,150,2,2,1,3893
2,exp,120,1,1,1,3029
2,exp,90,1,1,1,2568
2,exp,90,1,1,1,2477
2,exp,30,2,2,1,1693
2,exp,30,2,2,1,1793
2,exp,60,1,1,1,2239
2,exp,30,1,1,1,1670
2,exp,60,1,1,1,2043
2,exp,180,2,2,1,4476
2,exp,60,1,1,0,2246
2,exp,150,1,1,1,3849
2,exp,30,2,2,1,1862
2,exp,60,1,1,1,2318
2,exp,30,2,2,1,1660
2,exp,60,1,1,1,2348
2,exp,150,1,1,1,3946
2,exp,30,2,2,1,1724
2,exp,60,1,1,1,2110
2,exp,0,1,1,1,1055
2,exp,90,1,1,1,2580
2,exp,30,1,1,1,1581
2,exp,30,1,1,1,1549
2,exp,90,1,1,1,2557
2,exp,180,1,1,0,4527
2,exp,60,2,2,0,2226
2,exp,60,2,2,0,2041
2,exp,30,2,2,1,1977
2,exp,120,2,2,1,3108
2,exp,30,1,1,1,1593
2,exp,0,2,2,1,1406
2,exp,30,1,1,1,1860
2,exp,30,2,2,1,1555
2,exp,150,1,1,1,3678
2,exp,0,1,1,1,1053
2,exp,120,1,1,1,3316
2,exp,120,1,1,1,3382
2,exp,0,1,1,1,1018
2,exp,120,1,1,1,3337
2,exp,120,1,1,1,3369
2,exp,60,1,1,1,2121
2,exp,150,2,2,1,3779
2,exp,30,1,1,1,1873
2,exp,90,2,2,1,2439
2,exp,90,1,1,0,2447
2,exp,120,2,2,1,3282
2,exp,0,2,2,1,1424
2,exp,30,2,2,1,1867
2,exp,150,2,2,1,3705
2,exp,0,2,2,1,1200
2,exp,120,2,2,1,3146
2,exp,90,2,2,0,2417
2,exp,120,2,2,1,3437
2,exp,120,1,1,1,3399
2,exp,0,2,2,1,1190
2,exp,0,2,2,1,1104
2,exp,90,1,1,1,2376
2,exp,30,1,1,1,1728
2,exp,90,2,2,1,2547
2,exp,60,1,1,1,2398
2,exp,60,2,2,1,2266
2,exp,60,2,2,0,2170
2,exp,30,1,1,1,1847
2,exp,0,1,1,1,1157
2,exp,90,1,1,1,2425
2,exp,30,1,1,1,1623
2,exp,0,2,2,1,1283
2,exp,90,1,1,1,2424
2,exp,30,2,2,1,1922
2,exp,60,2,2,1,2387
2,exp,60,1,1,1,2153
2,exp,120,2,2,1,3098
2,exp,150,2,2,1,3655
3,exp,60,1,1,0,2248
3,exp,60,2,2,1,2381
3,exp,30,1,1,1,1602
3,exp,0,1,1,1,1124
3,exp,90,2,2,1,2445
3,exp,90,2,2,1,2551
3,exp,180,1,1,1,4664
3,exp,30,1,1,1,1841
3,exp,90,2,2,1,2425
3,exp,60,2,2,1,2326
3,exp,0,1,1,1,1130
3,exp,180,2,2,1,4519
3,exp,60,2,2,1,2355
3,exp,90,2,2,1,2550
3,exp,30,1,1,0,1528
3,exp,120,2,2,1,3014
3,exp,60,2,2,1,2225
3,exp,30,2,2,1,1741
3,exp,150,1,1,1,3830
3,exp,30,2,2,0,1871
3,exp,90,2,2,1,2433
3,exp,30,2,2,1,1864
3,exp,60,2,2,1,2013
3,exp,0,1,1,1,1175
3,exp,0,2,2,1,1276
3,exp,150,2,2,1,3818
3,exp,120,1,1,1,3094
3,exp,90,1,1,1,2542
3,exp,90,1,1,0,2525
3,exp,30,2,2,1,1717
3,exp,30,2,2,1,1602
3,exp,60,1,1,1,2080
3,exp,30,1,1,1,1927
3,exp,60,1,1,1,2021
3,exp,180,2,2,1,4769
3,exp,60,1,1,1,2187
3,exp,150,1,1,1,3946
3,exp,30,2,2,1,1825
3,exp,60,1,1,1,2019
3,exp,30,2,2,1,1845
3,exp,60,1,1,1,2370
3,exp,150,1,1,1,3831
3,exp,30,2,2,1,1547
3,exp,60,1,1,1,2090
3,exp,0,1,1,1,1359
3,exp,90,1,1,1,2375
3,exp,30,1,1,1,1559
3,exp,30,1,1,1,1536
3,exp,90,1,1,1,2414
3,exp,180,1,1,1,4664
3,exp,60,2,2,1,2019
3,exp,60,2,2,1,2369
3,exp,30,2,2,1,1733
3,exp,120,2,2,1,3155
3,exp,30,1,1,0,1657
3,exp,0,2,2,1,1370
3,exp,30,1,1,1,1896
3,exp,30,2,2,1,1774
3,exp,150,1,1,1,3936
3,exp,0,1,1,1,1358
3,exp,120,1,1,1,3436
3,exp,120,1,1,1,3126
3,exp,0,1,1,1,1318
3,exp,120,1,1,1,3300
3,exp,120,1,1,1,3056
3,exp,60,1,1,1,2060
3,exp,150,2,2,1,3944
3,exp,30,1,1,1,1731
3,exp,90,2,2,1,2392
3,exp,90,1,1,1,2530
3,exp,120,2,2,1,3022
3,exp,0,2,2,1,1071
3,exp,30,2,2,1,1696
3,exp,150,2,2,1,3948
3,exp,0,2,2,1,1422
3,exp,120,2,2,1,3232
3,exp,90,2,2,1,2433
3,exp,120,2,2,1,3012
3,exp,120,1,1,1,3178
3,exp,0,2,2,1,1216
3,exp,0,2,2,1,1071
3,exp,90,1,1,1,2546
3,exp,30,1,1,1,1826
3,exp,90,2,2,1,2515
3,exp,60,1,1,1,2270
3,exp,60,2,2,1,2198
3,exp,60,2,2,1,2386
3,exp,30,1,1,1,1607
3,exp,0,1,1,1,1033
3,exp,90,1,1,1,2471
3,exp,30,1,1,0,1834
3,exp,0,2,2,1,1136
3,exp,90,1,1,1,2573
3,exp,30,2,2,1,1681
3,exp,60,2,2,1,2278
3,exp,60,1,1,1,2114
3,exp,120,2,2,1,3153
3,exp,150,2,2,1,3716
4,exp,60,1,1,1,2067
4,exp,60,2,2,1,2246
4,exp,30,1,1,1,1857
4,exp,0,1,1,1,1359
4,exp,90,2,2,1,2450
4,exp,90,2,2,1,2488
4,exp,180,1,1,1,4775
4,exp,30,1,1,0,1749
4,exp,90,2,2,1,2563
4,exp,60,2,2,1,2213
4,exp,0,1,1,1,1380
4,exp,180,2,2,1,4579
4,exp,60,2,2,1,2322
4,exp,90,2,2,1,2410
4,exp,30,1,1,1,1906
4,exp,120,2,2,1,3075
4,exp,60,2,2,1,2131
4,exp,30,2,2,1,1782
4,exp,150,1,1,1,3933
4,exp,30,2,2,1,1531
4,exp,90,2,2,1,2523
4,exp,30,2,2,1,1953
4,exp,60,2,2,1,2408
4,exp,0,1,1,1,1022
4,exp,0,2,2,1,1440
4,exp,150,2,2,1,3552
4,exp,120,1,1,1,3135
4,exp,90,1,1,1,2476
4,exp,90,1,1,1,2405
4,exp,30,2,2,1,1741
4,exp,30,2,2,1,1720
4,exp,60,1,1,1,2367
4,exp,30,1,1,1,1595
4,exp,60,1,1,1,2055
4,exp,180,2,2,1,4623
4,exp,60,1,1,1,2242
4,exp,150,1,1,1,3765
4,exp,30,2,2,0,1916
4,exp,60,1,1,1,2040
4,exp,30,2,2,1,1622
4,exp,60,1,1,1,2314
4,exp,150,1,1,1,3899
4,exp,30,2,2,1,1972
4,exp,60,1,1,1,2415
4,exp,0,1,1,1,1321
4,exp,90,1,1,1,2382
4,exp,30,1,1,1,1767
4,exp,30,1,1,1,1787
4,exp,90,1,1,1,2425
4,exp,180,1,1,1,4627
4,exp,60,2,2,1,2121
4,exp,60,2,2,1,2171
4,exp,30,2,2,1,1786
4,exp,120,2,2,1,3060
4,exp,30,1,1,1,1878
4,exp,0,2,2,1,1394
4,exp,30,1,1,1,1693
4,exp,30,2,2,0,1579
4,exp,150,1,1,1,3664
4,exp,0,1,1,1,1038
4,exp,120,1,1,1,3282
4,exp,120,1,1,1,3065
4,exp,0,1,1,1,1397
4,exp,120,1,1,1,3339
4,exp,120,1,1,1,3049
4,exp,60,1,1,0,2025
4,exp,150,2,2,1,3874
4,exp,30,1,1,1,1743
4,exp,90,2,2,1,2585
4,exp,90,1,1,1,2563
4,exp,120,2,2,1,3161
4,exp,0,2,2,1,1077
4,exp,30,2,2,1,1780
4,exp,150,2,2,1,3743
4,exp,0,2,2,1,1128
4,exp,120,2,2,1,3285
4,exp,90,2,2,1,2495
4,exp,120,2,2,1,3356
4,exp,120,1,1,1,3139
4,exp,0,2,2,1,1268
4,exp,0,2,2,1,1094
4,exp,90,1,1,1,2576
4,exp,30,1,1,1,1836
4,exp,90,2,2,1,2531
4,exp,60,1,1,1,2135
4,exp,60,2,2,1,2256
4,exp,60,2,2,0,2151
4,exp,30,1,1,1,1715
4,exp,0,1,1,1,1125
4,exp,90,1,1,1,2449
4,exp,30,1,1,0,1630
4,exp,0,2,2,1,1156
4,exp,90,1,1,1,2541
4,exp,30,2,2,1,1779
4,exp,60,2,2,1,2046
4,exp,60,1,1,1,2369
4,exp,120,2,2,1,3247
4,exp,150,2,2,0,3846
5,exp,60,1,1,1,2343
5,exp,60,2,2,1,2286
5,exp,30,1,1,1,1947
5,exp,0,1,1,1,1303
5,exp,90,2,2,1,2419
5,exp,90,2,2,1,2397
5,exp,180,1,1,1,4467
5,exp,30,1,1,1,1912
5,exp,90,2,2,1,2379
5,exp,60,2,2,1,2422
5,exp,0,1,1,1,1401
5,exp,180,2,2,1,4495
5,exp,60,2,2,1,2152
5,exp,90,2,2,1,2514
5,exp,30,1,1,1,1941
5,exp,120,2,2,1,3116
5,exp,60,2,2,1,2252
5,exp,30,2,2,1,1830
5,exp,150,1,1,1,3810
5,exp,30,2,2,1,1553
5,exp,90,2,2,1,2397
5,exp,30,2,2,1,1741
5,exp,60,2,2,1,2396
5,exp,0,1,1,1,1019
5,exp,0,2,2,1,1306
5,exp,150,2,2,1,3895
5,exp,120,1,1,0,3370
5,exp,90,1,1,1,2451
5,exp,90,1,1,1,2408
5,exp,30,2,2,1,1646
5,exp,30,2,2,1,1961
5,exp,60,1,1,1,2296
5,exp,30,1,1,1,1532
5,exp,60,1,1,1,2290
5,exp,180,2,2,1,4726
5,exp,60,1,1,1,2107
5,exp,150,1,1,1,3712
5,exp,30,2,2,1,1818
5,exp,60,1,1,1,2154
5,exp,30,2,2,1,1728
5,exp,60,1,1,1,2271
5,exp,150,1,1,0,3738
5,exp,30,2,2,1,1607
5,exp,60,1,1,1,2024
5,exp,0,1,1,1,1036
5,exp,90,1,1,1,2520
5,exp,30,1,1,1,1884
5,exp,30,1,1,1,1767
5,exp,90,1,1,1,2546
5,exp,180,1,1,1,4794
5,exp,60,2,2,1,2281
5,exp,60,2,2,1,2299
5,exp,30,2,2,1,1899
5,exp,120,2,2,1,3396
5,exp,30,1,1,1,1928
5,exp,0,2,2,1,1369
5,exp,30,1,1,1,1972
5,exp,30,2,2,1,1689
5,exp,150,1,1,0,3871
5,exp,0,1,1,1,1381
5,exp,120,1,1,1,3444
5,exp,120,1,1,1,3298
5,exp,0,1,1,1,1239
5,exp,120,1,1,1,3102
5,exp,120,1,1,1,3391
5,exp,60,1,1,1,2202
5,exp,150,2,2,0,3768
5,exp,30,1,1,1,1901
5,exp,90,2,2,1,2452
5,exp,90,1,1,1,2485
5,exp,120,2,2,1,3260
5,exp,0,2,2,1,1410
5,exp,30,2,2,1,1846
5,exp,150,2,2,1,3866
5,exp,0,2,2,1,1341
5,exp,120,2,2,1,3363
5,exp,90,2,2,1,2565
5,exp,120,2,2,1,3336
5,exp,120,1,1,1,3448
5,exp,0,2,2,1,1047
5,exp,0,2,2,1,1030
5,exp,90,1,1,1,2388
5,exp,30,1,1,1,1866
5,exp,90,2,2,1,2619
5,exp,60,1,1,1,2070
5,exp,60,2,2,1,2227
5,exp,60,2,2,1,2392
5,exp,30,1,1,1,1722
5,exp,0,1,1,1,1172
5,exp,90,1,1,1,2376
5,exp,30,1,1,1,1819
5,exp,0,2,2,1,1240
5,exp,90,1,1,1,2420
5,exp,30,2,2,1,1696
5,exp,60,2,2,1,2308
5,exp,60,1,1,1,2142
5,exp,120,2,2,1,3293
5,exp,150,2,2,1,3929
6,exp,60,1,1,1,2379
6,exp,60,2,2,1,2367
6,exp,30,1,1,1,1873
6,exp,0,1,1,1,1201
6,exp,90,2,2,1,2442
6,exp,90,2,2,1,2501
6,exp,180,1,1,1,4732
6,exp,30,1,1,1,1626
6,exp,90,2,2,1,2552
6,exp,60,2,2,1,2104
6,exp,0,1,1,1,1108
6,exp,180,2,2,1,4712
6,exp,60,2,2,1,2186
6,exp,90,2,2,1,2540
6,exp,30,1,1,1,1618
6,exp,120,2,2,1,3084
6,exp,60,2,2,1,2203
6,exp,30,2,2,1,1716
6,exp,150,1,1,1,3918
6,exp,30,2,2,1,1922
6,exp,90,2,2,1,2546
6,exp,30,2,2,1,1787
6,exp,60,2,2,1,2348
6,exp,0,1,1,1,1372
6,exp,0,2,2,1,1123
6,exp,150,2,2,1,3853
6,exp,120,1,1,1,3444
6,exp,90,1,1,1,2422
6,exp,90,1,1,1,2403
6,exp,30,2,2,1,1968
6,exp,30,2,2,1,1867
6,exp,60,1,1,1,2262
6,exp,30,1,1,1,1650
6,exp,60,1,1,1,2338
6,exp,180,2,2,1,4835
6,exp,60,1,1,1,2093
6,exp,150,1,1,1,3577
6,exp,30,2,2,1,1946
6,exp,60,1,1,1,2095
6,exp,30,2,2,1,1536
6,exp,60,1,1,1,2288
6,exp,150,1,1,1,3649
6,exp,30,2,2,1,1567
6,exp,60,1,1,1,2255
6,exp,0,1,1,1,1334
6,exp,90,1,1,1,2452
6,exp,30,1,1,1,1615
6,exp,30,1,1,1,1980
6,exp,90,1,1,1,2434
6,exp,180,1,1,1,4645
6,exp,60,2,2,1,2108
6,exp,60,2,2,1,2390
6,exp,30,2,2,1,1969
6,exp,120,2,2,1,3289
6,exp,30,1,1,1,1623
6,exp,0,2,2,1,1013
6,exp,30,1,1,1,1675
6,exp,30,2,2,1,1844
6,exp,150,1,1,1,3640
6,exp,0,1,1,1,1398
6,exp,120,1,1,1,3235
6,exp,120,1,1,1,3279
6,exp,0,1,1,1,1372
6,exp,120,1,1,1,3024
6,exp,120,1,1,1,3379
6,exp,60,1,1,1,2279
6,exp,150,2,2,1,3748
6,exp,30,1,1,1,1839
6,exp,90,2,2,1,2592
6,exp,90,1,1,1,2617
6,exp,120,2,2,1,3069
6,exp,0,2,2,1,1095
6,exp,30,2,2,1,1682
6,exp,150,2,2,1,3716
6,exp,0,2,2,1,1334
6,exp,120,2,2,1,3401
6,exp,90,2,2,1,2569
6,exp,120,2,2,1,3291
6,exp,120,1,1,1,3242
6,exp,0,2,2,1,1209
6,exp,0,2,2,1,1213
6,exp,90,1,1,1,2513
6,exp,30,1,1,1,1546
6,exp,90,2,2,0,2374
6,exp,60,1,1,1,2141
6,exp,60,2,2,1,2021
6,exp,60,2,2,1,2208
6,exp,30,1,1,1,1750
6,exp,0,1,1,1,1376
6,exp,90,1,1,1,2568
6,exp,30,1,1,1,1533
6,exp,0,2,2,1,1048
6,exp,90,1,1,1,2596
6,exp,30,2,2,1,1900
6,exp,60,2,2,1,2413
6,exp,60,1,1,1,2182
6,exp,120,2,2,1,3231
6,exp,150,2,2,1,3581
7,exp,60,1,1,1,2089
7,exp,60,2,2,1,2117
7,exp,30,1,1,1,1952
7,exp,0,1,1,1,1163
7,exp,90,2,2,1,2571
7,exp,90,2,2,1,2579
7,exp,180,1,1,0,4537
7,exp,30,1,1,1,1533
7,exp,90,2,2,1,2538
7,exp,60,2,2,1,2362
7,exp,0,1,1,1,1401
7,exp,180,2,2,1,4462
7,exp,60,2,2,1,2121
7,exp,90,2,2,1,2507
7,exp,30,1,1,1,1720
7,exp,120,2,2,1,3334
7,exp,60,2,2,1,2281
7,exp,30,2,2,1,1830
7,exp,150,1,1,1,3810
7,exp,30,2,2,1,1686
7,exp,90,2,2,1,2503
7,exp,30,2,2,1,1662
7,exp,60,2,2,1,2175
7,exp,0,1,1,1,1068
7,exp,0,2,2,1,1000
7,exp,150,2,2,1,3815
7,exp,120,1,1,1,3358
7,exp,90,1,1,1,2397
7,exp,90,1,1,1,2580
7,exp,30,2,2,1,1685
7,exp,30,2,2,1,1577
7,exp,60,1,1,1,2148
7,exp,30,1,1,1,1603
7,exp,60,1,1,1,2388
7,exp,180,2,2,1,4800
7,exp,60,1,1,1,2339
7,exp,150,1,1,1,3717
7,exp,30,2,2,1,1963
7,exp,60,1,1,1,2353
7,exp,30,2,2,1,1652
7,exp,60,1,1,1,2075
7,exp,150,1,1,1,3835
7,exp,30,2,2,1,1950
7,exp,60,1,1,1,2154
7,exp,0,1,1,1,1021
7,exp,90,1,1,1,2505
7,exp,30,1,1,1,1856
7,exp,30,1,1,1,1963
7,exp,90,1,1,1,2434
7,exp,180,1,1,1,4718
7,exp,60,2,2,1,2229
7,exp,60,2,2,1,2059
7,exp,30,2,2,1,1854
7,exp,120,2,2,1,3006
7,exp,30,1,1,1,1628
7,exp,0,2,2,1,1023
7,exp,30,1,1,1,1817
7,exp,30,2,2,1,1850
7,exp,150,1,1,1,3928
7,exp,0,1,1,1,1220
7,exp,120,1,1,1,3078
7,exp,120,1,1,1,3020
7,exp,0,1,1,1,1059
7,exp,120,1,1,1,3356
7,exp,120,1,1,1,3208
7,exp,60,1,1,1,2195
7,exp,150,2,2,1,3945
7,exp,30,1,1,1,1679
7,exp,90,2,2,1,2452
7,exp,90,1,1,1,2612
7,exp,120,2,2,1,3327
7,exp,0,2,2,1,1430
7,exp,30,2,2,1,1794
7,exp,150,2,2,1,3663
7,exp,0,2,2,1,1045
7,exp,120,2,2,1,3132
7,exp,90,2,2,1,2559
7,exp,120,2,2,0,3040
7,exp,120,1,1,1,3254
7,exp,0,2,2,1,1365
7,exp,0,2,2,1,1222
7,exp,90,1,1,1,2442
7,exp,30,1,1,1,1629
7,exp,90,2,2,1,2546
7,exp,60,1,1,1,2311
7,exp,60,2,2,1,2356
7,exp,60,2,2,1,2081
7,exp,30,1,1,1,1911
7,exp,0,1,1,1,1070
7,exp,90,1,1,1,2500
7,exp,30,1,1,1,1849
7,exp,0,2,2,1,1236
7,exp,90,1,1,1,2436
7,exp,30,2,2,1,1900
7,exp,60,2,2,1,2157
7,exp,60,1,1,1,2137
7,exp,120,2,2,1,3076
7,exp,150,2,2,1,3662
8,exp,60,1,1,1,2254
8,exp,60,2,2,1,2229
8,exp,30,1,1,1,1549
8,exp,0,1,1,1,1013
8,exp,90,2,2,1,2395
8,exp,90,2,2,1,2396
8,exp,180,1,1,1,4457
8,exp,30,1,1,1,1633
8,exp,90,2,2,1,2526
8,exp,60,2,2,1,2398
8,exp,0,1,1,1,1086
8,exp,180,2,2,1,4756
8,exp,60,2,2,1,2258
8,exp,90,2,2,1,2427
8,exp,30,1,1,1,1565
8,exp,120,2,2,1,3137
8,exp,60,2,2,1,2273
8,exp,30,2,2,1,1610
8,exp,150,1,1,1,3767
8,exp,30,2,2,1,1594
8,exp,90,2,2,1,2569
8,exp,30,2,2,1,1877
8,exp,60,2,2,1,2196
8,exp,0,1,1,1,1380
8,exp,0,2,2,1,1012
8,exp,150,2,2,1,3780
8,exp,120,1,1,1,3197
8,exp,90,1,1,1,2555
8,exp,90,1,1,1,2449
8,exp,30,2,2,1,1787
8,exp,30,2,2,1,1669
8,exp,60,1,1,1,2261
8,exp,30,1,1,1,1681
8,exp,60,1,1,1,2384
8,exp,180,2,2,1,4639
8,exp,60,1,1,1,2114
8,exp,150,1,1,1,3591
8,exp,30,2,2,1,1867
8,exp,60,1,1,1,2038
8,exp,30,2,2,1,1732
8,exp,60,1,1,1,2174
8,exp,150,1,1,0,3935
8,exp,30,2,2,1,1918
8,exp,60,1,1,1,2323
8,exp,0,1,1,1,1021
8,exp,90,1,1,1,2383
8,exp,30,1,1,1,1919
8,exp,30,1,1,1,1937
8,exp,90,1,1,1,2532
8,exp,180,1,1,1,4843
8,exp,60,2,2,1,2149
8,exp,60,2,2,1,2076
8,exp,30,2,2,1,1600
8,exp,120,2,2,1,3408
8,exp,30,1,1,1,1733
8,exp,0,2,2,1,1236
8,exp,30,1,1,1,1563
8,exp,30,2,2,1,1557
8,exp,150,1,1,1,3604
8,exp,0,1,1,1,1319
8,exp,120,1,1,1,3182
8,exp,120,1,1,1,3374
8,exp,0,1,1,1,1069
8,exp,120,1,1,1,3026
8,exp,120,1,1,1,3313
8,exp,60,1,1,1,2299
8,exp,150,2,2,1,3584
8,exp,30,1,1,1,1682
8,exp,90,2,2,1,2468
8,exp,90,1,1,1,2566
8,exp,120,2,2,1,3372
8,exp,0,2,2,1,1320
8,exp,30,2,2,1,1627
8,exp,150,2,2,0,3649
8,exp,0,2,2,1,1417
8,exp,120,2,2,1,3164
8,exp,90,2,2,1,2619
8,exp,120,2,2,1,3144
8,exp,120,1,1,1,3069
8,exp,0,2,2,1,1197
8,exp,0,2,2,1,1015
8,exp,90,1,1,1,2454
8,exp,30,1,1,1,1911
8,exp,90,2,2,1,2470
8,exp,60,1,1,1,2211
8,exp,60,2,2,1,2350
8,exp,60,2,2,1,2158
8,exp,30,1,1,1,1921
8,exp,0,1,1,1,1192
8,exp,90,1,1,1,2433
8,exp,30,1,1,1,1547
8,exp,0,2,2,1,1069
8,exp,90,1,1,1,2517
8,exp,30,2,2,1,1813
8,exp,60,2,2,1,2080
8,exp,60,1,1,1,2125
8,exp,120,2,2,1,3086
8,exp,150,2,2,1,3714
9,exp,60,1,1,1,2070
9,exp,60,2,2,1,2088
9,exp,30,1,1,1,1750
9,exp,0,1,1,1,1274
9,exp,90,2,2,1,2553
9,exp,90,2,2,1,2372
9,exp,180,1,1,1,4784
9,exp,30,1,1,1,1525
9,exp,90,2,2,1,2378
9,exp,60,2,2,1,2182
9,exp,0,1,1,1,1328
9,exp,180,2,2,1,4815
9,exp,60,2,2,1,2392
9,exp,90,2,2,1,2445
9,exp,30,1,1,1,1572
9,exp,120,2,2,1,3115
9,exp,60,2,2,1,2094
9,exp,30,2,2,1,1707
9,exp,150,1,1,1,3938
9,exp,30,2,2,1,1601
9,exp,90,2,2,1,2480
9,exp,30,2,2,1,1934
9,exp,60,2,2,1,2261
9,exp,0,1,1,1,1154
9,exp,0,2,2,1,1440
9,exp,150,2,2,1,3754
9,exp,120,1,1,0,3265
9,exp,90,1,1,1,2555
9,exp,90,1,1,1,2488
9,exp,30,2,2,1,1611
9,exp,30,2,2,1,1545
9,exp,60,1,1,1,2127
9,exp,30,1,1,1,1587
9,exp,60,1,1,1,2324
9,exp,180,2,2,1,4784
9,exp,60,1,1,1,2028
9,exp,150,1,1,1,3779
9,exp,30,2,2,1,1577
9,exp,60,1,1,1,2340
9,exp,30,2,2,1,1814
9,exp,60,1,1,1,2071
9,exp,150,1,1,1,3764
9,exp,30,2,2,1,1690
9,exp,60,1,1,1,2140
9,exp,0,1,1,1,1385
9,exp,90,1,1,1,2553
9,exp,30,1,1,1,1811
9,exp,30,1,1,1,1895
9,exp,90,1,1,1,2464
9,exp,180,1,1,1,4567
9,exp,60,2,2,1,2406
9,exp,60,2,2,1,2345
9,exp,30,2,2,1,1729
9,exp,120,2,2,1,3160
9,exp,30,1,1,1,1830
9,exp,0,2,2,1,1392
9,exp,30,1,1,1,1674
9,exp,30,2,2,1,1545
9,exp,150,1,1,1,3805
9,exp,0,1,1,1,1419
9,exp,120,1,1,0,3043
9,exp,120,1,1,1,3300
9,exp,0,1,1,1,1198
9,exp,120,1,1,1,3405
9,exp,120,1,1,1,3232
9,exp,60,1,1,1,2360
9,exp,150,2,2,1,3832
9,exp,30,1,1,1,1587
9,exp,90,2,2,1,2432
9,exp,90,1,1,1,2595
9,exp,120,2,2,1,3237
9,exp,0,2,2,1,1332
9,exp,30,2,2,1,1956
9,exp,150,2,2,1,3937
9,exp,0,2,2,1,1057
9,exp,120,2,2,1,3143
9,exp,90,2,2,1,2506
9,exp,120,2,2,1,3074
9,exp,120,1,1,1,3164
9,exp,0,2,2,1,1351
9,exp,0,2,2,1,1421
9,exp,90,1,1,1,2519
9,exp,30,1,1,1,1550
9,exp,90,2,2,1,2455
9,exp,60,1,1,1,2171
9,exp,60,2,2,1,2009
9,exp,60,2,2,1,2348
9,exp,30,1,1,1,1887
9,exp,0,1,1,1,1126
9,exp,90,1,1,1,2464
9,exp,30,1,1,1,1589
9,exp,0,2,2,1,1199
9,exp,90,1,1,1,2598
9,exp,30,2,2,1,1581
9,exp,60,2,2,1,2085
9,exp,60,1,1,1,2219
9,exp,120,2,2,1,3309
9,exp,150,2,2,1,3844
10,exp,60,1,1,1,2172
10,exp,60,2,2,1,2289
10,exp,30,1,1,1,1774
10,exp,0,1,1,1,1350
10,exp,90,2,2,1,2428
10,exp,90,2,2,1,2598
10,exp,180,1,1,0,4505
10,exp,30,1,1,1,1802
10,exp,90,2,2,1,2573
10,exp,60,2,2,1,2315
10,exp,0,1,1,1,1124
10,exp,180,2,2,1,4853
10,exp,60,2,2,1,2020
10,exp,90,2,2,1,2539
10,exp,30,1,1,1,1577
10,exp,120,2,2,1,3035
10,exp,60,2,2,1,2022
10,exp,30,2,2,1,1907
10,exp,150,1,1,1,3802
10,exp,30,2,2,1,1820
10,exp,90,2,2,1,2545
10,exp,30,2,2,1,1600
10,exp,60,2,2,1,2228
10,exp,0,1,1,1,1377
10,exp,0,2,2,1,1173
10,exp,150,2,2,0,3573
10,exp,120,1,1,1,3055
10,exp,90,1,1,1,2400
10,exp,90,1,1,1,2415
10,exp,30,2,2,1,1920
10,exp,30,2,2,1,1849
10,exp,60,1,1,1,2325
10,exp,30,1,1,1,1920
10,exp,60,1,1,1,2195
10,exp,180,2,2,1,4484
10,exp,60,1,1,1,2265
10,exp,150,1,1,1,3757
10,exp,30,2,2,1,1654
10,exp,60,1,1,1,2329
10,exp,30,2,2,1,1571
10,exp,60,1,1,1,2005
10,exp,150,1,1,1,3660
10,exp,30,2,2,1,1966
10,exp,60,1,1,1,2361
10,exp,0,1,1,1,1043
10,exp,90,1,1,1,2512
10,exp,30,1,1,1,1572
10,exp,30,1,1,1,1779
10,exp,90,1,1,1,2492
10,exp,180,1,1,1,4485
10,exp,60,2,2,1,2218
10,exp,60,2,2,1,2275
10,exp,30,2,2,1,1612
10,exp,120,2,2,1,3263
10,exp,30,1,1,1,1955
10,exp,0,2,2,1,1361
10,exp,30,1,1,1,1820
10,exp,30,2,2,1,1594
10,exp,150,1,1,1,3560
10,exp,0,1,1,1,1055
10,exp,120,1,1,1,3365
10,exp,120,1,1,1,3257
10,exp,0,1,1,1,1039
10,exp,120,1,1,1,3142
10,exp,120,1,1,1,3179
10,exp,60,1,1,1,2200
10,exp,150,2,2,1,3711
10,exp,30,1,1,1,1916
10,exp,90,2,2,1,2390
10,exp,90,1,1,1,2445
10,exp,120,2,2,1,3433
10,exp,0,2,2,1,1314
10,exp,30,2,2,1,1801
10,exp,150,2,2,1,3875
10,exp,0,2,2,1,1187
10,exp,120,2,2,1,3442
10,exp,90,2,2,1,2465
10,exp,120,2,2,1,3015
10,exp,120,1,1,1,3176
10,exp,0,2,2,1,1246
10,exp,0,2,2,1,1207
10,exp,90,1,1,1,2518
10,exp,30,1,1,1,1807
10,exp,90,2,2,1,2505
10,exp,60,1,1,1,2233
10,exp,60,2,2,1,2205
10,exp,60,2,2,1,2168
10,exp,30,1,1,1,1819
10,exp,0,1,1,1,1352
10,exp,90,1,1,1,2413
10,exp,30,1,1,1,1653
10,exp,0,2,2,1,1343
10,exp,90,1,1,1,2422
10,exp,30,2,2,1,1782
10,exp,60,2,2,1,2186
10,exp,60,1,1,1,2048
10,exp,120,2,2,1,3124
10,exp,150,2,2,1,3920
11,exp,60,1,1,1,2168
11,exp,60,2,2,1,2199
11,exp,30,1,1,1,1690
11,exp,0,1,1,1,1260
11,exp,90,2,2,1,2577
11,exp,90,2,2,1,2468
11,exp,180,1,1,1,4716
11,exp,30,1,1,1,1885
11,exp,90,2,2,1,2432
11,exp,60,2,2,1,2254
11,exp,0,1,1,1,1001
11,exp,180,2,2,1,4493
11,exp,60,2,2,1,2319
11,exp,90,2,2,1,2568
11,exp,30,1,1,1,1927
11,exp,120,2,2,1,3193
11,exp,60,2,2,1,2201
11,exp,30,2,2,1,1552
11,exp,150,1,1,0,3670
11,exp,30,2,2,1,1864
11,exp,90,2,2,1,2539
11,exp,30,2,2,1,1610
11,exp,60,2,2,1,2378
11,exp,0,1,1,1,1000
11,exp,0,2,2,1,1190
11,exp,150,2,2,1,3711
11,exp,120,1,1,1,3085
11,exp,90,1,1,1,2523
11,exp,90,1,1,1,2421
11,exp,30,2,2,1,1575
11,exp,30,2,2,1,1852
11,exp,60,1,1,1,2038
11,exp,30,1,1,1,1800
11,exp,60,1,1,1,2254
11,exp,180,2,2,1,4795
11,exp,60,1,1,1,2223
11,exp,150,1,1,1,3641
11,exp,30,2,2,1,1713
11,exp,60,1,1,1,2115
11,exp,30,2,2,1,1570
11,exp,60,1,1,1,2095
11,exp,150,1,1,1,3830
11,exp,30,2,2,1,1918
11,exp,60,1,1,1,2390
11,exp,0,1,1,1,1274
11,exp,90,1,1,1,2397
11,exp,30,1,1,1,1937
11,exp,30,1,1,1,1780
11,exp,90,1,1,1,2589
11,exp,180,1,1,1,4572
11,exp,60,2,2,1,2353
11,exp,60,2,2,1,2409
11,exp,30,2,2,1,1564
11,exp,120,2,2,1,3429
11,exp,30,1,1,1,1971
11,exp,0,2,2,1,1081
11,exp,30,1,1,1,1630
11,exp,30,2,2,1,1730
11,exp,150,1,1,1,3692
11,exp,0,1,1,1,1114
11,exp,120,1,1,1,3223
11,exp,120,1,1,1,3022
11,exp,0,1,1,1,1048
11,exp,120,1,1,1,3417
11,exp,120,1,1,1,3438
11,exp,60,1,1,1,2190
11,exp,150,2,2,1,3771
11,exp,30,1,1,1,1596
11,exp,90,2,2,1,2560
11,exp,90,1,1,1,2383
11,exp,120,2,2,1,3186
11,exp,0,2,2,1,1401
11,exp,30,2,2,1,1599
11,exp,150,2,2,1,3625
11,exp,0,2,2,1,1294
11,exp,120,2,2,1,3151
11,exp,90,2,2,1,2487
11,exp,120,2,2,1,3233
11,exp,120,1,1,1,3345
11,exp,0,2,2,1,1436
11,exp,0,2,2,1,1346
11,exp,90,1,1,1,2441
11,exp,30,1,1,1,1605
11,exp,90,2,2,1,2539
11,exp,60,1,1,1,2263
11,exp,60,2,2,1,2106
11,exp,60,2,2,1,2417
11,exp,30,1,1,1,1959
11,exp,0,1,1,1,1227
11,exp,90,1,1,1,2528
11,exp,30,1,1,1,1923
11,exp,0,2,2,1,1058
11,exp,90,1,1,1,2465
11,exp,30,2,2,1,1960
11,exp,60,2,2,1,2221
11,exp,60,1,1,1,2343
11,exp,120,2,2,1,3163
11,exp,150,2,2,1,3597
12,exp,60,1,1,1,2136
12,exp,60,2,2,1,2049
12,exp,30,1,1,1,1690
12,exp,0,1,1,1,1389
12,exp,90,2,2,1,2542
12,exp,90,2,2,1,2470
12,exp,180,1,1,1,4621
12,exp,30,1,1,1,1749
12,exp,90,2,2,1,2416
12,exp,60,2,2,1,2134
12,exp,0,1,1,1,1063
12,exp,180,2,2,0,4582
12,exp,60,2,2,1,2032
12,exp,90,2,2,1,2386
12,exp,30,1,1,1,1963
12,exp,120,2,2,1,3023
12,exp,60,2,2,1,2084
12,exp,30,2,2,1,1650
12,exp,150,1,1,1,3814
12,exp,30,2,2,1,1653
12,exp,90,2,2,1,2488
12,exp,30,2,2,1,1783
12,exp,60,2,2,1,2220
12,exp,0,1,1,1,1114
12,exp,0,2,2,1,1129
12,exp,150,2,2,1,3741
12,exp,120,1,1,0,3446
12,exp,90,1,1,1,2606
12,exp,90,1,1,1,2559
12,exp,30,2,2,1,1786
12,exp,30,2,2,1,1753
12,exp,60,1,1,1,2019
12,exp,30,1,1,1,1541
12,exp,60,1,1,1,2062
12,exp,180,2,2,1,4770
12,exp,60,1,1,1,2307
12,exp,150,1,1,1,3913
12,exp,30,2,2,1,1578
12,exp,60,1,1,1,2130
12,exp,30,2,2,1,1628
12,exp,60,1,1,1,2280
12,exp,150,1,1,1,3874
12,exp,30,2,2,1,1573
12,exp,60,1,1,1,2421
12,exp,0,1,1,1,1191
12,exp,90,1,1,1,2569
12,exp,30,1,1,1,1646
12,exp,30,1,1,1,1705
12,exp,90,1,1,1,2533
12,exp,180,1,1,1,4762
12,exp,60,2,2,1,2011
12,exp,60,2,2,1,2158
12,exp,30,2,2,1,1958
12,exp,120,2,2,1,3387
12,exp,30,1,1,1,1820
12,exp,0,2,2,1,1028
12,exp,30,1,1,1,1860
12,exp,30,2,2,1,1643
12,exp,150,1,1,1,3950
12,exp,0,1,1,1,1219
12,exp,120,1,1,1,3382
12,exp,120,1,1,1,3041
12,exp,0,1,1,1,1143
12,exp,120,1,1,1,3106
12,exp,120,1,1,1,3023
12,exp,60,1,1,1,2007
12,exp,150,2,2,1,3614
12,exp,30,1,1,1,1558
12,exp,90,2,2,1,2429
12,exp,90,1,1,1,2518
12,exp,120,2,2,1,3337
12,exp,0,2,2,1,1063
12,exp,30,2,2,1,1592
12,exp,150,2,2,1,3869
12,exp,0,2,2,1,1127
12,exp,120,2,2,1,3339
12,exp,90,2,2,1,2372
12,exp,120,2,2,1,3412
12,exp,120,1,1,1,3420
12,exp,0,2,2,1,1071
12,exp,0,2,2,1,1338
12,exp,90,1,1,1,2512
12,exp,30,1,1,1,1580
12,exp,90,2,2,1,2602
12,exp,60,1,1,1,2006
12,exp,60,2,2,1,2403
12,exp,60,2,2,1,2242
12,exp,30,1,1,1,1908
12,exp,0,1,1,1,1224
12,exp,90,1,1,1,2454
12,exp,30,1,1,1,1900
12,exp,0,2,2,1,1276
12,exp,90,1,1,1,2516
12,exp,30,2,2,1,1791
12,exp,60,2,2,1,2147
12,exp,60,1,1,1,2094
12,exp,120,2,2,1,3418
12,exp,150,2,2,1,3797
13,exp,60,1,1,1,2292
13,exp,60,2,2,1,2376
13,exp,30,1,1,1,1574
13,exp,0,1,1,1,1150
13,exp,90,2,2,1,2504
13,exp,90,2,2,1,2611
13,exp,180,1,1,0,4861
13,exp,30,1,1,1,1861
13,exp,90,2,2,1,2421
13,exp,60,2,2,1,2214
13,exp,0,1,1,1,1137
13,exp,180,2,2,1,4563
13,exp,60,2,2,1,2328
13,exp,90,2,2,1,2381
13,exp,30,1,1,1,1659
13,exp,120,2,2,0,3022
13,exp,60,2,2,1,2288
13,exp,30,2,2,1,1667
13,exp,150,1,1,1,3710
13,exp,30,2,2,1,1939
13,exp,90,2,2,1,2443
13,exp,30,2,2,1,1863
13,exp,60,2,2,1,2047
13,exp,0,1,1,1,1316
13,exp,0,2,2,1,1079
13,exp,150,2,2,1,3814
13,exp,120,1,1,1,3442
13,exp,90,1,1,1,2371
13,exp,90,1,1,1,2612
13,exp,30,2,2,1,1629
13,exp,30,2,2,1,1712
13,exp,60,1,1,1,2129
13,exp,30,1,1,1,1584
13,exp,60,1,1,1,2370
13,exp,180,2,2,1,4859
13,exp,60,1,1,1,2298
13,exp,150,1,1,1,3604
13,exp,30,2,2,1,1645
13,exp,60,1,1,1,2022
13,exp,30,2,2,1,1881
13,exp,60,1,1,1,2273
13,exp,150,1,1,1,3699
13,exp,30,2,2,1,1721
13,exp,60,1,1,1,2237
13,exp,0,1,1,1,1322
13,exp,90,1,1,1,2562
13,exp,30,1,1,1,1864
13,exp,30,1,1,1,1830
13,exp,90,1,1,1,2620
13,exp,180,1,1,1,4868
13,exp,60,2,2,1,2029
13,exp,60,2,2,1,2264
13,exp,30,2,2,1,1873
13,exp,120,2,2,1,3148
13,exp,30,1,1,1,1739
13,exp,0,2,2,1,1039
13,exp,30,1,1,1,1710
13,exp,30,2,2,1,1765
13,exp,150,1,1,1,3892
13,exp,0,1,1,1,1292
13,exp,120,1,1,0,3386
13,exp,120,1,1,1,3169
13,exp,0,1,1,1,1062
13,exp,120,1,1,1,3384
13,exp,120,1,1,1,3123
13,exp,60,1,1,1,2339
13,exp,150,2,2,1,3567
13,exp,30,1,1,1,1550
13,exp,90,2,2,1,2602
13,exp,90,1,1,1,2381
13,exp,120,2,2,1,3174
13,exp,0,2,2,1,1137
13,exp,30,2,2,1,1539
13,exp,150,2,2,1,3807
13,exp,0,2,2,1,1024
13,exp,120,2,2,1,3110
13,exp,90,2,2,1,2558
13,exp,120,2,2,1,3121
13,exp,120,1,1,1,3361
13,exp,0,2,2,1,1042
13,exp,0,2,2,1,1392
13,exp,90,1,1,1,2371
13,exp,30,1,1,1,1548
13,exp,90,2,2,1,2449
13,exp,60,1,1,1,2337
13,exp,60,2,2,1,2387
13,exp,60,2,2,1,2296
13,exp,30,1,1,1,1528
13,exp,0,1,1,1,1136
13,exp,90,1,1,1,2594
13,exp,30,1,1,1,1700
13,exp,0,2,2,1,1378
13,exp,90,1,1,1,2557
13,exp,30,2,2,1,1644
13,exp,60,2,2,1,2074
13,exp,60,1,1,1,2183
13,exp,120,2,2,1,3392
13,exp,150,2,2,0,3732
14,exp,60,1,1,1,2346
14,exp,60,2,2,1,2278
14,exp,30,1,1,1,1536
14,exp,0,1,1,1,1288
14,exp,90,2,2,1,2433
14,exp,90,2,2,1,2379
14,exp,180,1,1,1,4472
14,exp,30,1,1,1,1654
14,exp,90,2,2,1,2577
14,exp,60,2,2,1,2066
14,exp,0,1,1,1,1011
14,exp,180,2,2,1,4763
14,exp,60,2,2,1,2042
14,exp,90,2,2,1,2535
14,exp,30,1,1,1,1853
14,exp,120,2,2,1,3212
14,exp,60,2,2,1,2396
14,exp,30,2,2,1,1747
14,exp,150,1,1,1,3890
14,exp,30,2,2,1,1661
14,exp,90,2,2,1,2380
14,exp,30,2,2,1,1552
14,exp,60,2,2,1,2333
14,exp,0,1,1,1,1056
14,exp,0,2,2,1,1216
14,exp,150,2,2,1,3581
14,exp,120,1,1,1,3020
14,exp,90,1,1,1,2535
14,exp,90,1,1,1,2463
14,exp,30,2,2,1,1820
14,exp,30,2,2,1,1898
14,exp,60,1,1,1,2056
14,exp,30,1,1,1,1598
14,exp,60,1,1,1,2005
14,exp,180,2,2,1,4554
14,exp,60,1,1,1,2030
14,exp,150,1,1,1,3857
14,exp,30,2,2,1,1726
14,exp,60,1,1,1,2157
14,exp,30,2,2,1,1833
14,exp,60,1,1,1,2405
14,exp,150,1,1,1,3605
14,exp,30,2,2,1,1722
14,exp,60,1,1,1,2370
14,exp,0,1,1,1,1167
14,exp,90,1,1,1,2423
14,exp,30,1,1,1,1632
14,exp,30,1,1,1,1806
14,exp,90,1,1,1,2549
14,exp,180,1,1,1,4608
14,exp,60,2,2,1,2167
14,exp,60,2,2,1,2356
14,exp,30,2,2,1,1700
14,exp,120,2,2,1,3259
14,exp,30,1,1,1,1554
14,exp,0,2,2,1,1304
14,exp,30,1,1,1,1698
14,exp,30,2,2,1,1950
14,exp,150,1,1,0,3823
14,exp,0,1,1,1,1091
14,exp,120,1,1,1,3096
14,exp,120,1,1,1,3390
14,exp,0,1,1,1,1415
14,exp,120,1,1,1,3414
14,exp,120,1,1,1,3320
14,exp,60,1,1,1,2236
14,exp,150,2,2,1,3757
14,exp,30,1,1,1,1697
14,exp,90,2,2,1,2375
14,exp,90,1,1,1,2576
14,exp,120,2,2,0,3313
14,exp,0,2,2,1,1173
14,exp,30,2,2,1,1539
14,exp,150,2,2,1,3885
14,exp,0,2,2,1,1082
14,exp,120,2,2,1,3227
14,exp,90,2,2,1,2591
14,exp,120,2,2,1,3066
14,exp,120,1,1,1,3339
14,exp,0,2,2,1,1413
14,exp,0,2,2,1,1014
14,exp,90,1,1,1,2436
14,exp,30,1,1,1,1755
14,exp,90,2,2,1,2396
14,exp,60,1,1,1,2038
14,exp,60,2,2,1,2338
14,exp,60,2,2,1,2247
14,exp,30,1,1,1,1926
14,exp,0,1,1,1,1239
14,exp,90,1,1,1,2527
14,exp,30,1,1,1,1590
14,exp,0,2,2,1,1038
14,exp,90,1,1,1,2372
14,exp,30,2,2,1,1737
14,exp,60,2,2,1,2259
14,exp,60,1,1,1,2056
14,exp,120,2,2,1,3405
14,exp,150,2,2,1,3816
15,exp,60,1,1,1,2105
15,exp,60,2,2,1,2021
15,exp,30,1,1,1,1663
15,exp,0,1,1,1,1083
15,exp,90,2,2,1,2386
15,exp,90,2,2,1,2508
15,exp,180,1,1,1,4690
15,exp,30,1,1,1,1587
15,exp,90,2,2,1,2480
15,exp,60,2,2,1,2126
15,exp,0,1,1,1,1171
15,exp,180,2,2,1,4447
15,exp,60,2,2,1,2375
15,exp,90,2,2,1,2410
15,exp,30,1,1,1,1610
15,exp,120,2,2,1,3291
15,exp,60,2,2,1,2046
15,exp,30,2,2,1,1650
15,exp,150,1,1,1,3744
15,exp,30,2,2,1,1958
15,exp,90,2,2,1,2391
15,exp,30,2,2,1,1920
15,exp,60,2,2,1,2049
15,exp,0,1,1,1,1251
15,exp,0,2,2,1,1094
15,exp,150,2,2,1,3747
15,exp,120,1,1,1,3269
15,exp,90,1,1,1,2525
15,exp,90,1,1,1,2538
15,exp,30,2,2,1,1606
15,exp,30,2,2,1,1842
15,exp,60,1,1,1,2197
15,exp,30,1,1,1,1696
15,exp,60,1,1,1,2223
15,exp,180,2,2,0,4856
15,exp,60,1,1,1,2283
15,exp,150,1,1,1,3690
15,exp,30,2,2,0,1851
15,exp,60,1,1,1,2061
15,exp,30,2,2,1,1896
15,exp,60,1,1,1,2026
15,exp,150,1,1,1,3844
15,exp,30,2,2,1,1715
15,exp,60,1,1,1,2360
15,exp,0,1,1,1,1153
15,exp,90,1,1,1,2399
15,exp,30,1,1,1,1824
15,exp,30,1,1,1,1682
15,exp,90,1,1,1,2615
15,exp,180,1,1,1,4849
15,exp,60,2,2,1,2142
15,exp,60,2,2,1,2274
15,exp,30,2,2,1,1934
15,exp,120,2,2,1,3419
15,exp,30,1,1,1,1658
15,exp,0,2,2,1,1266
15,exp,30,1,1,1,1861
15,exp,30,2,2,1,1806
15,exp,150,1,1,1,3630
15,exp,0,1,1,1,1221
15,exp,120,1,1,0,3391
15,exp,120,1,1,1,3152
15,exp,0,1,1,1,1239
15,exp,120,1,1,1,3155
15,exp,120,1,1,1,3357
15,exp,60,1,1,1,2297
15,exp,150,2,2,1,3881
15,exp,30,1,1,1,1886
15,exp,90,2,2,1,2488
15,exp,90,1,1,1,2526
15,exp,120,2,2,1,3363
15,exp,0,2,2,1,1334
15,exp,30,2,2,1,1953
15,exp,150,2,2,1,3779
15,exp,0,2,2,1,1186
15,exp,120,2,2,1,3085
15,exp,90,2,2,1,2577
15,exp,120,2,2,1,3426
15,exp,120,1,1,1,3390
15,exp,0,2,2,1,1410
15,exp,0,2,2,1,1275
15,exp,90,1,1,1,2511
15,exp,30,1,1,1,1832
15,exp,90,2,2,1,2601
15,exp,60,1,1,1,2129
15,exp,60,2,2,1,2104
15,exp,60,2,2,1,2205
15,exp,30,1,1,1,1764
15,exp,0,1,1,1,1139
15,exp,90,1,1,1,2413
15,exp,30,1,1,1,1960
15,exp,0,2,2,1,1301
15,exp,90,1,1,1,2468
15,exp,30,2,2,1,1717
15,exp,60,2,2,1,2062
15,exp,60,1,1,1,2150
15,exp,120,2,2,1,3126
15,exp,150,2,2,0,3781
16,exp,60,1,1,1,2354
16,exp,60,2,2,1,2378
16,exp,30,1,1,1,1646
16,exp,0,1,1,1,1257
16,exp,90,2,2,1,2553
16,exp,90,2,2,1,2494
16,exp,180,1,1,1,4810
16,exp,30,1,1,1,1683
16,exp,90,2,2,1,2429
16,exp,60,2,2,1,2162
16,exp,0,1,1,1,1162
16,exp,180,2,2,1,4724
16,exp,60,2,2,1,2093
16,exp,90,2,2,1,2489
16,exp,30,1,1,1,1808
16,exp,120,2,2,1,3159
16,exp,60,2,2,1,2082
16,exp,30,2,2,1,1801
16,exp,150,1,1,1,3602
16,exp,30,2,2,1,1956
16,exp,90,2,2,1,2523
16,exp,30,2,2,1,1756
16,exp,60,2,2,1,2389
16,exp,0,1,1,1,1172
16,exp,0,2,2,1,1311
16,exp,150,2,2,1,3823
16,exp,120,1,1,1,3304
16,exp,90,1,1,1,2529
16,exp,90,1,1,1,2482
16,exp,30,2,2,1,1638
16,exp,30,2,2,1,1788
16,exp,60,1,1,1,2044
16,exp,30,1,1,1,1721
16,exp,60,1,1,1,2134
16,exp,180,2,2,0,4791
16,exp,60,1,1,1,2207
16,exp,150,1,1,1,3575
16,exp,30,2,2,1,1765
16,exp,60,1,1,1,2364
16,exp,30,2,2,1,1536
16,exp,60,1,1,1,2067
16,exp,150,1,1,1,3914
16,exp,30,2,2,1,1697
16,exp,60,1,1,1,2338
16,exp,0,1,1,1,1223
16,exp,90,1,1,1,2514
16,exp,30,1,1,1,1654
16,exp,30,1,1,1,1617
16,exp,90,1,1,1,2588
16,exp,180,1,1,1,4661
16,exp,60,2,2,1,2192
16,exp,60,2,2,1,2354
16,exp,30,2,2,1,1929
16,exp,120,2,2,1,3402
16,exp,30,1,1,1,1863
16,exp,0,2,2,1,1066
16,exp,30,1,1,1,1781
16,exp,30,2,2,1,1753
16,exp,150,1,1,1,3904
16,exp,0,1,1,1,1141
16,exp,120,1,1,1,3014
16,exp,120,1,1,1,3176
16,exp,0,1,1,1,1178
16,exp,120,1,1,1,3111
16,exp,120,1,1,1,3176
16,exp,60,1,1,1,2032
16,exp,150,2,2,1,3810
16,exp,30,1,1,1,1826
16,exp,90,2,2,1,2562
16,exp,90,1,1,1,2398
16,exp,120,2,2,1,3041
16,exp,0,2,2,1,1137
16,exp,30,2,2,1,1671
16,exp,150,2,2,1,3647
16,exp,0,2,2,1,1397
16,exp,120,2,2,1,3241
16,exp,90,2,2,1,2445
16,exp,120,2,2,1,3399
16,exp,120,1,1,1,3201
16,exp,0,2,2,1,1431
16,exp,0,2,2,1,1293
16,exp,90,1,1,1,2590
16,exp,30,1,1,1,1868
16,exp,90,2,2,1,2531
16,exp,60,1,1,1,2339
16,exp,60,2,2,1,2185
16,exp,60,2,2,1,2105
16,exp,30,1,1,1,1643
16,exp,0,1,1,1,1250
16,exp,90,1,1,1,2510
16,exp,30,1,1,1,1595
16,exp,0,2,2,1,1325
16,exp,90,1,1,1,2381
16,exp,30,2,2,1,1687
16,exp,60,2,2,1,2216
16,exp,60,1,1,1,2282
16,exp,120,2,2,1,3192
16,exp,150,2,2,1,3630
17,exp,60,1,1,1,2098
17,exp,60,2,2,1,2332
17,exp,30,1,1,1,1567
17,exp,0,1,1,1,1355
17,exp,90,2,2,1,2531
17,exp,90,2,2,1,2533
17,exp,180,1,1,1,4625
17,exp,30,1,1,1,1647
17,exp,90,2,2,1,2410
17,exp,60,2,2,1,2249
17,exp,0,1,1,1,1174
17,exp,180,2,2,1,4514
17,exp,60,2,2,1,2075
17,exp,90,2,2,1,2470
17,exp,30,1,1,1,1574
17,exp,120,2,2,1,3029
17,exp,60,2,2,1,2048
17,exp,30,2,2,1,1670
17,exp,150,1,1,1,3679
17,exp,30,2,2,1,1817
17,exp,90,2,2,1,2414
17,exp,30,2,2,1,1842
17,exp,60,2,2,1,2276
17,exp,0,1,1,1,1019
17,exp,0,2,2,1,1101
17,exp,150,2,2,1,3556
17,exp,120,1,1,1,3439
17,exp,90,1,1,1,2565
17,exp,90,1,1,1,2399
17,exp,30,2,2,1,1799
17,exp,30,2,2,1,1728
17,exp,60,1,1,1,2342
17,exp,30,1,1,1,1816
17,exp,60,1,1,1,2214
17,exp,180,2,2,1,4803
17,exp,60,1,1,1,2392
17,exp,150,1,1,1,3899
17,exp,30,2,2,1,1860
17,exp,60,1,1,1,2326
17,exp,30,2,2,1,1755
17,exp,60,1,1,1,2038
17,exp,150,1,1,1,3902
17,exp,30,2,2,1,1558
17,exp,60,1,1,1,2080
17,exp,0,1,1,1,1420
17,exp,90,1,1,1,2481
17,exp,30,1,1,1,1705
17,exp,30,1,1,1,1542
17,exp,90,1,1,1,2510
17,exp,180,1,1,1,4583
17,exp,60,2,2,1,2207
17,exp,60,2,2,1,2027
17,exp,30,2,2,1,1892
17,exp,120,2,2,1,3382
17,exp,30,1,1,1,1548
17,exp,0,2,2,1,1195
17,exp,30,1,1,1,1806
17,exp,30,2,2,1,1607
17,exp,150,1,1,1,3855
17,exp,0,1,1,1,1216
17,exp,120,1,1,1,3418
17,exp,120,1,1,1,3449
17,exp,0,1,1,1,1341
17,exp,120,1,1,1,3024
17,exp,120,1,1,1,3394
17,exp,60,1,1,1,2307
17,exp,150,2,2,1,3564
17,exp,30,1,1,1,1896
17,exp,90,2,2,1,2409
17,exp,90,1,1,1,2600
17,exp,120,2,2,1,3406
17,exp,0,2,2,1,1072
17,exp,30,2,2,1,1954
17,exp,150,2,2,1,3892
17,exp,0,2,2,1,1173
17,exp,120,2,2,1,3222
17,exp,90,2,2,1,2375
17,exp,120,2,2,1,3243
17,exp,120,1,1,1,3432
17,exp,0,2,2,1,1292
17,exp,0,2,2,1,1428
17,exp,90,1,1,1,2463
17,exp,30,1,1,1,1768
17,exp,90,2,2,1,2500
17,exp,60,1,1,1,2139
17,exp,60,2,2,1,2007
17,exp,60,2,2,1,2409
17,exp,30,1,1,1,1912
17,exp,0,1,1,1,1258
17,exp,90,1,1,1,2489
17,exp,30,1,1,1,1548
17,exp,0,2,2,1,1285
17,exp,90,1,1,1,2537
17,exp,30,2,2,1,1707
17,exp,60,2,2,1,2296
17,exp,60,1,1,1,2365
17,exp,120,2,2,1,3087
17,exp,150,2,2,1,3732
18,exp,60,1,1,1,2073
18,exp,60,2,2,1,2052
18,exp,30,1,1,1,1789
18,exp,0,1,1,1,1224
18,exp,90,2,2,1,2389
18,exp,90,2,2,1,2455
18,exp,180,1,1,0,4583
18,exp,30,1,1,1,1827
18,exp,90,2,2,1,2578
18,exp,60,2,2,1,2006
18,exp,0,1,1,1,1228
18,exp,180,2,2,0,4601
18,exp,60,2,2,1,2057
18,exp,90,2,2,1,2548
18,exp,30,1,1,1,1812
18,exp,120,2,2,1,3227
18,exp,60,2,2,1,2283
18,exp,30,2,2,1,1971
18,exp,150,1,1,1,3912
18,exp,30,2,2,1,1775
18,exp,90,2,2,1,2599
18,exp,30,2,2,1,1941
18,exp,60,2,2,1,2010
18,exp,0,1,1,1,1169
18,exp,0,2,2,1,1122
18,exp,150,2,2,0,3856
18,exp,120,1,1,1,3444
18,exp,90,1,1,1,2581
18,exp,90,1,1,1,2533
18,exp,30,2,2,1,1708
18,exp,30,2,2,1,1548
18,exp,60,1,1,1,2239
18,exp,30,1,1,1,1568
18,exp,60,1,1,1,2275
18,exp,180,2,2,1,4809
18,exp,60,1,1,1,2356
18,exp,150,1,1,1,3614
18,exp,30,2,2,1,1543
18,exp,60,1,1,1,2120
18,exp,30,2,2,1,1725
18,exp,60,1,1,1,2028
18,exp,150,1,1,1,3752
18,exp,30,2,2,1,1762
18,exp,60,1,1,1,2103
18,exp,0,1,1,1,1394
18,exp,90,1,1,1,2401
18,exp,30,1,1,1,1671
18,exp,30,1,1,1,1920
18,exp,90,1,1,1,2576
18,exp,180,1,1,1,4768
18,exp,60,2,2,1,2078
18,exp,60,2,2,1,2297
18,exp,30,2,2,1,1877
18,exp,120,2,2,1,3005
18,exp,30,1,1,1,1587
18,exp,0,2,2,1,1028
18,exp,30,1,1,1,1862
18,exp,30,2,2,1,1587
18,exp,150,1,1,1,3676
18,exp,0,1,1,1,1018
18,exp,120,1,1,1,3197
18,exp,120,1,1,0,3279
18,exp,0,1,1,1,1327
18,exp,120,1,1,1,3067
18,exp,120,1,1,1,3374
18,exp,60,1,1,1,2279
18,exp,150,2,2,1,3771
18,exp,30,1,1,1,1977
18,exp,90,2,2,1,2445
18,exp,90,1,1,1,2554
18,exp,120,2,2,1,3086
18,exp,0,2,2,1,1093
18,exp,30,2,2,1,1541
18,exp,150,2,2,1,3678
18,exp,0,2,2,1,1389
18,exp,120,2,2,1,3402
18,exp,90,2,2,1,2545
18,exp,120,2,2,1,3171
18,exp,120,1,1,1,3052
18,exp,0,2,2,1,1235
18,exp,0,2,2,1,1412
18,exp,90,1,1,1,2606
18,exp,30,1,1,1,1720
18,exp,90,2,2,1,2542
18,exp,60,1,1,1,2027
18,exp,60,2,2,1,2286
18,exp,60,2,2,1,2400
18,exp,30,1,1,1,1604
18,exp,0,1,1,1,1260
18,exp,90,1,1,1,2613
18,exp,30,1,1,1,1864
18,exp,0,2,2,1,1132
18,exp,90,1,1,1,2570
18,exp,30,2,2,1,1925
18,exp,60,2,2,1,2137
18,exp,60,1,1,1,2261
18,exp,120,2,2,1,3085
18,exp,150,2,2,0,3770
19,exp,60,1,1,1,2137
19,exp,60,2,2,1,2017
19,exp,30,1,1,1,1568
19,exp,0,1,1,1,1346
19,exp,90,2,2,1,2598
19,exp,90,2,2,1,2422
19,exp,180,1,1,1,4688
19,exp,30,1,1,1,1831
19,exp,90,2,2,1,2619
19,exp,60,2,2,1,2423
19,exp,0,1,1,1,1163
19,exp,180,2,2,1,4785
19,exp,60,2,2,1,2302
19,exp,90,2,2,1,2481
19,exp,30,1,1,1,1867
19,exp,120,2,2,1,3214
19,exp,60,2,2,1,2014
19,exp,30,2,2,1,1666
19,exp,150,1,1,1,3939
19,exp,30,2,2,1,1788
19,exp,90,2,2,1,2545
19,exp,30,2,2,1,1893
19,exp,60,2,2,1,2215
19,exp,0,1,1,1,1317
19,exp,0,2,2,1,1324
19,exp,150,2,2,0,3558
19,exp,120,1,1,1,3018
19,exp,90,1,1,1,2574
19,exp,90,1,1,1,2442
19,exp,30,2,2,1,1553
19,exp,30,2,2,1,1852
19,exp,60,1,1,1,2301
19,exp,30,1,1,1,1881
19,exp,60,1,1,1,2073
19,exp,180,2,2,1,4601
19,exp,60,1,1,1,2362
19,exp,150,1,1,1,3704
19,exp,30,2,2,1,1815
19,exp,60,1,1,1,2419
19,exp,30,2,2,1,1930
19,exp,60,1,1,1,2378
19,exp,150,1,1,1,3626
19,exp,30,2,2,1,1898
19,exp,60,1,1,1,2229
19,exp,0,1,1,1,1010
19,exp,90,1,1,1,2503
19,exp,30,1,1,1,1882
19,exp,30,1,1,1,1853
19,exp,90,1,1,1,2395
19,exp,180,1,1,0,4748
19,exp,60,2,2,1,2282
19,exp,60,2,2,1,2061
19,exp,30,2,2,1,1589
19,exp,120,2,2,1,3316
19,exp,30,1,1,1,1897
19,exp,0,2,2,1,1379
19,exp,30,1,1,1,1618
19,exp,30,2,2,1,1755
19,exp,150,1,1,1,3801
19,exp,0,1,1,1,1360
19,exp,120,1,1,1,3329
19,exp,120,1,1,1,3261
19,exp,0,1,1,1,1409
19,exp,120,1,1,1,3048
19,exp,120,1,1,1,3254
19,exp,60,1,1,1,2351
19,exp,150,2,2,1,3654
19,exp,30,1,1,1,1545
19,exp,90,2,2,1,2617
19,exp,90,1,1,1,2586
19,exp,120,2,2,1,3325
19,exp,0,2,2,1,1336
19,exp,30,2,2,1,1632
19,exp,150,2,2,1,3596
19,exp,0,2,2,1,1415
19,exp,120,2,2,1,3041
19,exp,90,2,2,1,2397
19,exp,120,2,2,1,3426
19,exp,120,1,1,1,3224
19,exp,0,2,2,1,1416
19,exp,0,2,2,1,1108
19,exp,90,1,1,1,2436
19,exp,30,1,1,1,1869
19,exp,90,2,2,1,2485
19,exp,60,1,1,1,2172
19,exp,60,2,2,1,2384
19,exp,60,2,2,1,2420
19,exp,30,1,1,1,1592
19,exp,0,1,1,1,1154
19,exp,90,1,1,1,2544
19,exp,30,1,1,1,1537
19,exp,0,2,2,1,1052
19,exp,90,1,1,1,2408
19,exp,30,2,2,1,1774
19,exp,60,2,2,1,2184
19,exp,60,1,1,1,2332
19,exp,120,2,2,1,3349
19,exp,150,2,2,1,3895
20,exp,60,1,1,1,2285
20,exp,120,1,1,1,374
20,exp,180,2,2,1,737
20,exp,30,2,1,0,488
20,exp,150,2,1,0,313
20,exp,90,1,2,0,512
20,exp,0,1,1,1,370
20,exp,150,2,1,0,291
20,exp,60,2,2,1,393
20,exp,90,1,1,1,617
20,exp,30,1,1,1,370
20,exp,60,1,1,1,435
20,exp,150,1,1,1,723
20,exp,0,1,1,1,465
20,exp,90,1,1,1,477
20,exp,60,2,1,0,506
20,exp,30,2,1,0,655
20,exp,30,2,2,1,534
20,exp,60,2,2,1,512
20,exp,90,2,1,0,725
20,exp,60,1,2,0,1806
20,exp,0,1,1,1,322
20,exp,30,1,1,1,598
20,exp,30,2,2,1,991
20,exp,60,1,1,1,2753
20,exp,60,2,2,1,278
20,exp,30,2,2,1,1210
20,exp,0,2,2,1,370
20,exp,120,2,2,1,529
20,exp,60,1,1,1,507
20,exp,30,1,1,1,352
20,exp,30,2,2,1,466
20,exp,120,2,1,0,657
20,exp,30,2,2,1,761
20,exp,150,1,1,1,493
20,exp,30,1,1,1,434
20,exp,150,2,2,1,507
20,exp,120,1,1,1,477
20,exp,30,1,1,1,284
20,exp,90,1,1,1,814
20,exp,30,1,1,1,186
20,exp,60,2,2,1,539
20,exp,180,1,2,0,531
20,exp,90,2,2,1,518
20,exp,90,2,2,1,278
20,exp,30,1,1,1,456
20,exp,0,1,1,1,259
20,exp,90,2,2,1,337
20,exp,0,1,1,1,380
20,exp,30,1,1,1,327
20,exp,60,2,2,1,298
20,exp,90,2,2,1,345
20,exp,30,1,1,1,349
20,exp,30,2,2,1,252
20,exp,60,1,1,1,429
20,exp,30,2,2,1,371
20,exp,60,2,1,0,396
20,exp,120,2,2,1,1746
20,exp,120,1,2,0,353
20,exp,150,1,1,1,334
20,exp,90,1,2,0,310
20,exp,120,2,2,1,516
20,exp,90,1,1,1,485
20,exp,30,1,1,1,4099
20,exp,0,2,2,1,580
20,exp,30,2,2,1,293
20,exp,120,2,2,1,450
20,exp,90,2,1,0,2807
20,exp,60,1,1,1,465
20,exp,60,2,1,0,1495
20,exp,90,1,1,1,554
20,exp,30,1,1,1,363
20,exp,60,1,1,1,316
20,exp,90,2,2,1,277
20,exp,60,1,1,1,474
20,exp,90,1,1,1,365
20,exp,180,2,2,1,410
20,exp,0,2,2,1,386
20,exp,0,1,1,1,202
20,exp,180,1,2,0,267
20,exp,90,2,2,1,605
20,exp,150,1,1,1,1962
20,exp,0,2,2,1,281
20,exp,30,1,1,1,252
20,exp,120,1,1,1,492
20,exp,0,2,2,1,347
20,exp,30,2,1,0,585
20,exp,120,1,1,1,665
20,exp,60,1,2,0,249
20,exp,60,2,1,0,831
20,exp,120,2,2,1,312
20,exp,120,1,1,1,285
20,exp,150,2,2,1,437
20,exp,60,2,2,1,380
20,exp,30,2,1,0,493
20,exp,0,2,2,1,323
20,exp,0,2,2,1,143
20,exp,0,1,1,1,207
